,Student_Name,Mathematics,English,Science,Total_Marks,Average_Marks
0,Aarav Sharma,85,90,88,263,87.66666666666667
1,Priya Singh,78,85,82,245,81.66666666666667
2,Rahul Verma,92,88,95,275,91.66666666666667
3,Sneha Patel,88,92,87,267,89.0
4,Vikram Desai,76,80,79,235,78.33333333333333
5,Ananya Iyer,95,91,93,279,93.0
6,Rohan Gupta,81,87,84,252,84.0
7,Meera Nair,89,94,91,274,91.33333333333333
8,Aditya Joshi,77,82,85,244,81.33333333333333
9,Kavya Menon,83,88,86,257,85.66666666666667
